Title,Price,Date
Funny Got Data MIS Data Systems Business Analyst T-Shirt,18.49,2023-05-07
Funny Got Data MIS Data Systems Business Analyst T-Shirt,18.49,2023-05-07
Funny Got Data MIS Data Systems Business Analyst T-Shirt,18.49,2023-05-07
Funny Got Data MIS Data Systems Business Analyst T-Shirt,18.49,2023-05-07
Funny Got Data MIS Data Systems Business Analyst T-Shirt,18.49,2023-05-07
Funny Got Data MIS Data Systems Business Analyst T-Shirt,18.49,2023-05-07
Funny Got Data MIS Data Systems Business Analyst T-Shirt,18.49,2023-05-07
Funny Got Data MIS Data Systems Business Analyst T-Shirt,18.49,2023-05-07
Funny Got Data MIS Data Systems Business Analyst T-Shirt,18.49,2023-05-07
Funny Got Data MIS Data Systems Business Analyst T-Shirt,18.49,2023-05-07
Funny Got Data MIS Data Systems Business Analyst T-Shirt,18.49,2023-05-07
